{
  "episode_rewards": [
    -2796.2884379541274,
    -2984.0947890027815,
    -4396.908445398594,
    -2759.4861225336067,
    -2484.517825170574,
    -3685.3103847574666,
    -774.4301438591815,
    -4189.450846839357,
    -1957.073414977445,
    -847.1956842511886
  ],
  "episode_lengths": [
    100,
    100,
    100,
    100,
    100,
    100,
    100,
    100,
    100,
    100
  ],
  "default_rates": [
    0.23333333333333334,
    0.26666666666666666,
    0.36666666666666664,
    0.23333333333333334,
    0.2,
    0.3,
    0.06666666666666667,
    0.3333333333333333,
    0.16666666666666666,
    0.06666666666666667
  ],
  "policy_losses": [
    -0.012120266147879496,
    -0.007897906290963874,
    -0.007992711000042618,
    -0.007162255036694394,
    -0.0011319426569874242,
    -0.00705893398602105,
    -0.00538133060687566,
    -0.00440958186906452,
    -0.0019190768543921877,
    -0.005135600239858225
  ],
  "value_losses": [
    261384.22332442435,
    232784.22856702303,
    429074.7996504934,
    240945.98324424343,
    164683.3439555921,
    341455.6447368421,
    74440.21102744655,
    318360.3185649671,
    151501.99538702713,
    77598.00994391191
  ],
  "entropies": [
    5.6689005469282465,
    5.661175196369489,
    5.653217275937398,
    5.6601278359691305,
    5.647723866005738,
    5.629111138482888,
    5.623617693781853,
    5.634805001318455,
    5.653084846834342,
    5.651081303755443
  ]
}